Bedrooms,Bathrooms,Floor_area,Price_in_taka,City
3,4,1960,39000000,0
3,3,1705,16900000,0
3,3,1370,12500000,0
3,3,2125,20000000,0
3,3,2687,47500000,0
3,3,1150,8800000,0
3,3,2119,19000000,0
4,4,2318,23000000,0
3,3,1397,8000000,0
3,3,2400,20000000,0
3,3,1300,8000000,0
3,3,1300,8000000,0
3,3,1300,8000000,0
3,3,1900,21000000,0
3,3,1500,11000000,0
3,3,1450,9500000,0
2,2,750,6200000,0
3,3,2343,22000000,0
3,3,1185,11000000,0
3,3,1610,13100000,0
4,4,2180,17500000,0
4,4,3650,78000000,0
4,4,5000,110000000,0
3,3,2700,55000000,0
3,2,1175,8300000,0
2,2,650,3100000,0
3,4,1331,16000000,0
2,2,900,4500000,0
3,3,1350,14200000,0
3,3,1200,7500000,0
3,3,2045,23625000,0
3,3,1500,25000000,0
3,3,1410,13800000,0
2,2,650,4000000,0
3,3,1100,4700000,0
3,2,1220,5000000,0
3,3,1240,7320000,0
3,3,1700,6500000,0
3,3,1400,8500000,0
3,3,1050,4700000,0
3,3,1240,8700000,0
3,3,1504,7100000,0
2,2,750,4000000,0
2,2,750,3500000,0
3,3,1980,18000000,0
3,5,1585,14000000,0
3,3,1485,13200000,0
3,3,1545,14000000,0
3,3,1050,8200000,0
2,2,900,4100000,0
3,3,1340,6200000,0
3,3,1400,11500000,0
3,3,1275,8000000,0
3,3,1245,15500000,0
2,2,1050,4800000,0
2,2,850,5500000,0
3,4,1440,7300000,0
2,3,948,7000000,0
4,4,2644,35000000,0
2,2,800,6950000,0
4,4,2000,22000000,0
3,3,1593,21500000,0
3,2,1220,5000000,0
2,2,1040,6500000,0
3,3,1620,16500000,0
3,3,1550,14500000,0
2,2,1000,5500000,0
4,4,1840,46000000,0
2,2,740,4000000,0
3,3,1250,7800000,0
3,3,1430,12000000,0
3,3,1690,14800000,0
3,3,1330,7900000,0
3,3,1230,7400000,0
3,3,1700,17000000,0
3,3,1300,8000000,0
3,2,1175,6300000,0
3,3,1265,8500000,0
3,2,1000,5700000,0
3,3,1554,11500000,0
3,3,1570,5600000,0
3,2,1050,4500000,0
2,2,815,4200000,0
4,5,2553,38000000,0
3,3,1590,11200000,0
4,4,2000,21500000,0
2,2,800,8600000,0
3,4,1960,39000000,0
3,3,1705,16900000,0
3,3,1370,12500000,0
3,3,2125,20000000,0
3,3,2687,47500000,0
3,3,1150,8800000,0
3,3,2119,19000000,0
4,4,2318,23000000,0
3,3,1397,8000000,0
3,3,2400,20000000,0
3,3,1300,8000000,0
3,3,1300,8000000,0
3,3,1300,8000000,0
3,3,1900,21000000,0
3,3,1500,11000000,0
3,3,1450,9500000,0
2,2,750,6200000,0
3,3,2343,22000000,0
3,3,1350,14200000,0
3,3,1200,7500000,0
3,3,2045,23625000,0
3,3,1500,25000000,0
3,3,1410,13800000,0
2,2,650,4000000,0
3,3,1185,11000000,0
3,3,1610,13100000,0
4,4,2180,17500000,0
4,4,3650,78000000,0
4,4,5000,110000000,0
3,3,2700,55000000,0
3,2,1175,8300000,0
2,2,650,3100000,0
3,4,1331,16000000,0
2,2,900,4500000,0
3,2,950,6000000,0
2,2,1230,5000000,0
3,2,1150,6500000,0
3,2,1150,6500000,0
3,3,1150,6700000,0
3,3,1250,7600000,0
2,2,860,4900000,0
3,2,1050,6200000,0
4,4,3355,39000000,0
3,3,1375,12100000,0
3,2,900,5000000,0
3,3,1008,4838400,0
3,2,1055,5300000,0
3,3,1800,16000000,0
3,3,1250,5250000,0
8,4,2146,10500000,0
3,2,900,2900000,0
2,2,1050,3360000,0
3,3,1250,11500000,0
3,3,1675,9712500,0
3,3,1300,7500000,0
3,4,2787,29000000,0
3,2,986,6200000,0
2,2,920,3300000,0
3,3,1275,8500000,0
3,3,2290,22500000,0
3,3,1400,7800000,0
3,2,1075,5500000,0
3,3,1300,9600000,0
3,3,1135,7500000,0
2,2,855,4702500,0
3,3,1425,9000000,0
3,4,2380,21500000,0
4,4,2600,31200000,0
4,4,2000,14800000,0
3,3,1600,14000000,0
4,4,2200,25000000,0
4,4,3474,45000000,0
3,4,1550,15000000,0
2,2,850,5000000,0
3,5,2075,29050000,0
3,3,1380,9500000,0
3,3,1350,11300000,0
3,3,1470,7000000,0
3,2,1090,5500000,0
3,2,1220,8000000,0
3,3,1550,14500000,0
3,4,1654,12500000,0
3,2,975,4000000,0
2,2,740,3500000,0
3,3,1370,9200000,0
3,2,950,4000000,0
3,3,1365,8540000,0
3,3,1128,7118000,0
3,4,1960,39000000,0
3,3,1705,16900000,0
3,3,1370,12500000,0
3,3,2125,20000000,0
3,3,2687,47500000,0
3,3,1150,8800000,0
3,3,2119,19000000,0
4,4,2318,23000000,0
3,3,1397,8000000,0
3,3,2400,20000000,0
3,3,1300,8000000,0
3,3,1300,8000000,0
3,3,1300,8000000,0
3,3,1900,21000000,0
3,3,1500,11000000,0
3,3,1450,9500000,0
2,2,750,6200000,0
3,3,2343,22000000,0
3,3,1185,11000000,0
3,3,1610,13100000,0
4,4,2180,17500000,0
4,4,3650,78000000,0
4,4,5000,110000000,0
3,3,2700,55000000,0
3,2,1175,8300000,0
2,2,650,3100000,0
3,4,1331,16000000,0
2,2,900,4500000,0
3,3,1350,14200000,0
3,3,1200,7500000,0
3,3,2045,23625000,0
3,3,1500,25000000,0
3,3,1410,13800000,0
2,2,650,4000000,0
3,3,1100,4700000,0
3,2,1220,5000000,0
3,3,1240,7320000,0
3,3,1700,6500000,0
3,3,1400,8500000,0
3,3,1050,4700000,0
3,3,1240,8700000,0
3,3,1504,7100000,0
2,2,750,4000000,0
2,2,750,3500000,0
3,3,1980,18000000,0
3,5,1585,14000000,0
3,3,1485,13200000,0
3,3,1545,14000000,0
3,3,1050,8200000,0
2,2,900,4100000,0
3,3,1340,6200000,0
3,3,1400,11500000,0
3,3,1275,8000000,0
3,3,1245,15500000,0
2,2,1050,4800000,0
2,2,850,5500000,0
3,4,1440,7300000,0
2,3,948,7000000,0
4,4,2644,35000000,0
2,2,800,6950000,0
4,4,2000,22000000,0
3,3,1593,21500000,0
3,2,1220,5000000,0
2,2,1040,6500000,0
3,3,1620,16500000,0
3,3,1550,14500000,0
2,2,1000,5500000,0
4,4,1840,46000000,0
2,2,740,4000000,0
3,3,1250,7800000,0
3,3,1430,12000000,0
3,3,1690,14800000,0
3,3,1330,7900000,0
3,3,1230,7400000,0
3,3,1700,17000000,0
3,3,1300,8000000,0
3,2,1175,6300000,0
3,3,1265,8500000,0
3,2,1000,5700000,0
3,3,1554,11500000,0
3,3,1570,5600000,0
3,2,1050,4500000,0
2,2,815,4200000,0
4,5,2553,38000000,0
3,3,1590,11200000,0
4,4,2000,21500000,0
2,2,800,8600000,0
3,4,1960,39000000,0
3,3,1705,16900000,0
3,3,1370,12500000,0
3,3,2125,20000000,0
3,3,2687,47500000,0
3,3,1150,8800000,0
3,3,2119,19000000,0
4,4,2318,23000000,0
3,3,1397,8000000,0
3,3,2400,20000000,0
3,3,1300,8000000,0
3,3,1300,8000000,0
3,3,1300,8000000,0
3,3,1900,21000000,0
3,3,1500,11000000,0
3,3,1450,9500000,0
2,2,750,6200000,0
3,3,2343,22000000,0
3,3,1350,14200000,0
3,3,1200,7500000,0
3,3,2045,23625000,0
3,3,1500,25000000,0
3,3,1410,13800000,0
2,2,650,4000000,0
3,3,1185,11000000,0
3,3,1610,13100000,0
4,4,2180,17500000,0
4,4,3650,78000000,0
4,4,5000,110000000,0
3,3,2700,55000000,0
3,2,1175,8300000,0
2,2,650,3100000,0
3,4,1331,16000000,0
2,2,900,4500000,0
3,2,950,6000000,0
2,2,1230,5000000,0
3,2,1150,6500000,0
3,2,1150,6500000,0
3,3,1150,6700000,0
3,3,1250,7600000,0
2,2,860,4900000,0
3,2,1050,6200000,0
4,4,3355,39000000,0
3,3,1375,12100000,0
3,2,900,5000000,0
3,3,1008,4838400,0
3,2,1055,5300000,0
3,3,1800,16000000,0
3,3,1250,5250000,0
8,4,2146,10500000,0
3,2,900,2900000,0
2,2,1050,3360000,0
3,3,1250,11500000,0
3,3,1675,9712500,0
3,3,1300,7500000,0
3,4,2787,29000000,0
3,2,986,6200000,0
2,2,920,3300000,0
3,3,1275,8500000,0
3,3,2290,22500000,0
3,3,1400,7800000,0
3,2,1075,5500000,0
3,3,1300,9600000,0
3,3,1135,7500000,0
2,2,855,4702500,0
3,3,1425,9000000,0
3,4,2380,21500000,0
4,4,2600,31200000,0
4,4,2000,14800000,0
3,3,1600,14000000,0
4,4,2200,25000000,0
4,4,3474,45000000,0
3,4,1550,15000000,0
2,2,850,5000000,0
3,5,2075,29050000,0
3,3,1380,9500000,0
3,3,1350,11300000,0
3,3,1470,7000000,0
3,2,1090,5500000,0
3,2,1220,8000000,0
3,3,1550,14500000,0
3,4,1654,12500000,0
3,2,975,4000000,0
2,2,740,3500000,0
3,3,1370,9200000,0
3,2,950,4000000,0
3,3,1365,8540000,0
3,3,1128,7118000,0
3,3,1388,9600000,0
4,3,1530,11500000,0
3,3,1200,8700000,0
3,3,1200,8700000,0
3,3,1250,7600000,0
5,5,4350,57000000,0
4,4,2300,22000000,0
3,3,1550,9500000,0
3,3,1550,12500000,0
3,3,1550,12500000,0
1,1,350,5500000,0
3,3,1600,16000000,0
3,3,1600,16000000,0
3,3,1800,18000000,0
3,3,1439,13000000,0
3,3,1505,11500000,0
3,4,1605,17000000,0
3,3,1537,14500000,0
3,3,1700,16150000,0
3,3,1700,16150000,0
3,2,1100,6000000,0
3,3,1450,13100000,0
3,5,1815,22780000,0
3,3,1225,11000000,0
3,3,1400,7800000,0
3,4,1450,14285000,0
2,2,860,5590000,0
3,2,1085,6000000,0
3,3,1255,13805000,0
4,4,1910,13752000,0
2,2,800,3700000,0
3,3,1245,4500000,0
3,2,1250,4500000,0
3,2,1000,5100000,0
3,3,1900,23000000,0
3,2,216,6000000,0
2,2,650,2200000,0
2,2,650,2300000,0
3,3,1250,11500000,0
3,2,1300,7000000,0
3,3,1500,9000000,0
3,4,1460,11000000,0
3,2,1100,3800000,0
2,2,650,3000000,0
3,4,1578,12000000,0
3,4,1584,12000000,0
3,3,1500,8800000,0
2,2,1050,5500000,0
3,3,1703,8855600,0
2,2,1000,4000000,0
4,4,2300,15000000,0
4,4,2300,15000000,0
4,4,2750,26125000,0
3,3,1365,7507500,0
3,3,1365,7507500,0
3,3,1365,7507500,0
3,3,1365,7507500,0
6,6,1900,10000000,0
3,3,2156,17000000,0
3,3,1300,9750000,0
3,3,1360,10000000,0
3,4,1250,23000000,0
3,3,1332,5594400,0
3,4,2200,20000000,0
3,2,3262,4500000,0
2,2,850,5100000,0
3,2,1295,6500000,0
3,2,1100,9500000,0
3,2,1050,5500000,0
5,4,2880,18000000,0
3,3,1425,8537500,0
3,3,1425,8537500,0
3,3,1410,7000000,0
2,2,860,4500000,0
3,3,1254,5500000,0
4,5,2859,35237500,0
3,3,1195,8500000,0
3,4,1800,7500000,0
3,3,1860,12000000,0
3,4,1654,8500000,0
3,2,950,3500000,0
4,5,2950,32000000,0
5,5,3700,44000000,0
3,2,1070,3800000,0
3,3,1400,7000000,0
4,4,1451,7500000,0
2,2,650,2700000,0
2,2,940,4800000,0
3,3,1554,13500000,0
3,3,368,11040000,0
3,3,1300,8300000,0
3,3,1300,8300000,0
3,2,1276,4000000,0
4,5,3195,34100000,0
3,3,1400,12500000,0
3,3,1320,9130000,0
3,3,1320,5000000,0
3,3,1517,11500000,0
4,4,2644,35000000,0
2,2,800,6950000,0
4,4,2000,22000000,0
3,3,1593,21500000,0
3,2,1220,5000000,0
2,2,1040,6500000,0
3,3,1620,16500000,0
3,3,1550,14500000,0
2,2,1000,5500000,0
4,4,1840,46000000,0
2,2,740,4000000,0
3,3,1250,7800000,0
3,2,875,5700000,0
4,3,1650,10000000,0
2,1,630,3500000,0
2,2,800,5300000,0
3,3,1560,14000000,0
3,4,1970,21000000,0
3,3,1802,16000000,0
18,10,4320,80000000,0
3,3,2500,65000000,0
3,2,1000,7300000,0
4,4,1720,14000000,0
3,3,1245,7100000,0
3,3,1200,5000000,0
2,2,925,6800000,0
3,3,1485,13200000,0
3,3,1485,13200000,0
3,3,1200,6000000,0
3,3,1553,16500000,0
3,2,750,5200000,0
4,4,2945,100000000,0
2,2,650,3200000,0
3,3,1595,11232000,0
2,2,850,6000000,0
2,2,850,4800000,0
3,3,1425,8500000,0
2,1,700,3000000,0
3,3,1480,10000000,0
3,3,990,4800000,0
2,1,600,3000000,0
3,2,1050,4800000,0
3,3,1350,13000000,0
2,2,1015,6500000,0
2,2,600,2600000,0
3,3,1430,12000000,0
3,3,1690,14800000,0
3,3,1330,7900000,0
3,3,1230,7400000,0
3,3,1700,17000000,0
3,3,1300,8000000,0
3,2,1175,6300000,0
3,3,1265,8500000,0
3,2,1000,5700000,0
2,2,1100,4500000,0
2,2,1100,4500000,0
3,2,1045,11000000,0
3,2,1100,6400000,0
4,4,2100,14000000,0
3,3,1250,10800000,0
4,3,2375,22000000,0
3,2,1100,7900000,0
3,2,820,6000000,0
3,3,1125,9700000,0
2,3,1220,16300000,0
4,4,2200,16500000,0
2,2,970,4800000,0
3,3,1510,8200000,0
3,3,1235,11800000,0
3,2,950,6000000,0
2,2,1230,5000000,0
3,2,1150,6500000,0
3,2,1150,6500000,0
3,3,1150,6700000,0
3,3,1250,7600000,0
2,2,860,4900000,0
3,2,1050,6200000,0
4,4,3355,39000000,0
16,10,3600,40000000,0
3,3,1425,8637500,0
3,3,850,7000000,0
3,2,1100,5000000,0
3,3,1100,4200000,0
3,3,1300,6500000,0
3,2,1050,5800000,0
3,2,1070,4600000,0
3,3,1230,6400000,0
4,4,3400,57800000,0
4,4,2880,15000000,0
3,2,879,5274000,0
4,4,1850,17500000,0
3,4,1856,17500000,0
4,4,1650,9900000,0
2,2,130,4200000,0
2,2,625,2500000,0
3,3,1250,5000000,0
2,2,650,3000000,0
3,3,1350,12000000,0
3,3,1325,6500000,0
3,3,1852,21500000,0
3,3,1210,6000000,0
3,4,1654,11000000,0
3,3,1275,12500000,0
4,4,2600,42900000,0
4,4,1955,25237500,0
3,3,1609,12800000,0
3,3,1410,13395000,0
2,2,922,5000000,0
4,4,2450,43000000,0
4,5,2258,28000000,0
3,4,1500,12200000,0
3,2,1050,5000000,0
3,3,1872,13500000,0
3,2,935,6610000,0
2,2,750,3500000,0
3,2,963,2503800,0
2,2,951,2472600,0
3,3,1248,3244800,0
3,2,1046,2800000,0
3,2,1000,3800000,0
3,2,1050,5500000,0
3,3,1090,7085000,0
4,4,3218,27500000,0
4,4,1400,9500000,0
3,3,1400,7500000,0
4,4,3200,58000000,0
3,3,1150,7000000,0
3,3,1390,22500000,0
3,3,1383,10800000,0
4,3,1650,11000000,0
4,3,1650,11000000,0
4,4,2785,44000000,0
2,2,1070,9630000,0
3,3,1450,11000000,0
3,4,2475,23500000,0
3,2,1200,7500000,0
4,5,2535,16000000,0
3,3,1325,8000000,0
3,3,1650,8250000,0
3,3,1650,8250000,0
2,2,1130,5800000,0
3,3,1150,9500000,0
3,3,1587,15900000,0
3,3,1320,9300000,0
3,2,1100,6500000,0
3,3,1375,12100000,0
3,2,900,5000000,0
3,3,1008,4838400,0
3,2,1055,5300000,0
3,3,1800,16000000,0
3,3,1250,5250000,0
3,3,2200,21000000,0
3,3,1500,12000000,0
3,3,1500,16000000,0
3,4,3226,30000000,0
2,2,612,2900000,0
2,2,650,4000000,0
3,3,1220,9500000,0
2,2,1020,5000000,0
3,3,1310,9825000,0
3,3,1310,12000000,0
2,2,650,2800000,0
2,2,650,2800000,0
3,3,1550,8600000,0
2,2,930,5200000,0
2,2,930,5200000,0
4,4,2400,26000000,0
3,3,1260,5796000,0
2,2,700,3500000,0
3,2,1240,8060000,0
3,2,1450,9425000,0
3,3,1254,8300000,0
3,3,1425,9975000,0
3,3,1315,7375000,0
3,3,1330,6916000,0
3,3,1400,6000000,0
3,4,1796,14000000,0
3,3,1400,8140000,0
3,3,1236,7000000,0
3,3,1150,6000000,0
3,2,1090,5500000,0
3,2,1108,5500000,0
2,2,900,5000000,0
3,4,1695,13500000,0
4,4,2600,49500000,0
3,3,1252,7000000,0
3,3,1500,8250000,0
3,2,1100,6050000,0
3,4,1611,15500000,0
3,2,1050,5500000,0
3,3,1200,6000000,0
3,3,2050,19500000,0
2,2,800,4445000,0
3,3,1495,15750000,0
3,3,1475,15550000,0
3,3,1500,12800000,0
3,3,1450,8675000,0
3,3,1400,8400000,0
3,3,1180,6500000,0
2,2,780,2730000,0
3,2,1100,4950000,0
3,2,1100,4950000,0
3,2,1100,4950000,0
3,2,1100,4950000,0
3,2,1100,4950000,0
3,3,1096,6600000,0
3,3,1365,7507500,0
3,3,1365,7507500,0
3,3,1365,7507500,0
3,4,2415,25500000,0
2,2,810,3402000,0
3,3,1550,11500000,0
3,3,1050,3750000,0
4,4,4200,50400000,0
3,3,1400,6300000,0
3,3,1400,6300000,0
2,2,1000,4500000,0
4,3,1518,10000000,0
4,4,1250,12500000,0
4,4,2230,16000000,0
3,2,1200,6500000,0
3,3,1050,4500000,0
2,2,650,4225000,0
3,3,1200,5400000,0
3,3,1200,5400000,0
3,2,1100,4950000,0
3,3,1396,11500000,0
3,3,1300,7800000,0
3,3,1300,7800000,0
3,3,1100,6600000,0
3,3,1250,7000000,0
3,3,1255,6902500,0
3,3,1255,6902500,0
3,3,1270,6985000,0
3,3,1255,6902500,0
4,4,2700,27000000,0
4,4,2200,19000000,0
3,3,1150,9000000,0
3,3,1156,6800000,0
3,3,1270,6000000,0
2,2,900,5500000,0
2,2,900,5500000,0
3,2,900,6000000,0
3,3,1200,7200000,0
3,3,1200,8600000,0
3,3,1830,23000000,0
3,3,1300,7400000,0
3,3,1634,9800000,0
3,4,1950,11000000,0
3,3,1294,10000000,0
3,3,1400,8000000,0
2,2,700,4000000,0
3,3,1250,11675000,0
3,3,1250,7500000,0
3,3,1550,10850000,0
3,3,1450,10150000,0
2,2,855,4275000,0
16,10,2154,32310000,0
16,10,2154,32310000,0
3,3,1513,13500000,0
3,4,2000,20000000,0
3,3,1175,9987500,0
3,3,1100,9000000,0
3,4,1637,12000000,0
3,3,1425,11500000,0
3,3,1500,12000000,0
4,4,2225,23500000,0
3,4,2255,22000000,0
3,3,1400,6300000,0
3,3,1400,6300000,0
2,2,1000,4500000,0
3,3,1090,6540000,0
3,3,1463,5852000,0
3,3,1650,7500000,0
3,2,1125,4775000,0
3,2,1125,4775000,0
3,2,1150,4870000,0
2,2,600,2600000,0
3,3,2060,18540000,0
3,3,1425,19950000,0
3,3,1280,7680000,0
4,4,2650,21000000,0
3,3,1218,11000000,0
3,3,1475,15000000,0
3,3,1500,7300000,0
3,3,1275,10600000,0
2,2,800,4000000,0
2,2,785,8250000,0
3,3,1800,16000000,0
3,3,1700,18500000,0
3,3,1125,9500000,0
3,2,1200,11500000,0
2,2,1000,7500000,0
3,2,1150,9000000,0
3,4,2200,22000000,0
2,3,850,6500000,0
3,3,1500,12000000,0
3,3,1227,5800000,0
3,3,1625,11000000,0
2,2,900,6500000,0
3,3,1465,8600000,0
3,3,1600,12000000,0
3,3,1180,6490000,0
3,3,1215,7500000,0
3,3,1410,13395000,0
2,2,922,5000000,0
3,4,1350,12150000,0
3,2,820,3700000,0
3,3,1470,7000000,0
3,2,1090,5500000,0
3,3,1550,14500000,0
3,4,1654,12500000,0
3,2,1140,6100000,0
3,3,1500,10800000,0
4,4,2350,29000000,0
3,3,1950,10725000,0
3,3,1200,6600000,0
3,2,1185,7700000,0
3,3,1250,7000000,0
3,2,950,4400000,0
3,3,1400,8200000,0
3,4,2009,19900000,0
3,4,1575,16000000,0
3,3,1400,8140000,0
3,2,975,5000000,0
3,3,1350,6500000,0
3,2,1115,5800000,0
4,4,3132,27000000,0
2,2,1000,6000000,0
3,3,1250,6500000,0
6,4,2829,42435000,0
3,3,1650,16000000,0
3,4,1654,9500000,0
4,4,2200,22000000,0
3,3,1245,9000000,0
3,2,915,4000000,0
1,1,250,3400000,0
3,2,1000,5500000,0
4,4,2150,18875000,0
4,4,2150,18575000,0
2,2,1200,7000000,0
3,3,1206,14000000,0
2,2,650,3200000,0
3,2,1050,4725000,0
2,2,950,4275000,0
4,4,1600,7500000,0
3,3,1873,25500000,0
3,3,1515,19900000,0
2,2,650,3500000,0
2,2,1015,6000000,0
3,2,1125,4775000,0
4,4,1900,19000000,0
3,2,1095,7500000,0
3,2,1000,7000000,0
2,2,800,4000000,0
3,3,1616,7272000,0
3,2,1140,6200000,0
3,3,1465,8800000,0
2,2,650,2400000,0
3,5,2100,29000000,0
2,2,750,4200000,0
4,3,1160,4408000,0
8,4,2146,10500000,0
3,2,900,2900000,0
2,2,1050,3360000,0
3,3,1250,11500000,0
3,3,1675,9712500,0
3,3,1300,7500000,0
3,4,2787,29000000,0
3,2,986,6200000,0
2,2,920,3300000,0
3,3,1275,8500000,0
3,3,1350,8800000,0
2,2,1000,3500000,0
3,3,1770,9000000,0
3,3,1180,5500000,0
4,4,1250,6800000,0
2,2,850,5100000,0
3,3,1220,7000000,0
2,2,850,5300000,0
4,4,2000,19000000,0
2,2,600,2300000,0
3,3,1350,12000000,0
2,2,680,4000000,0
3,4,2004,17500000,0
2,2,1330,19000000,0
3,4,1913,19700000,0
3,3,1420,11500000,0
3,3,1274,10500000,0
3,3,4372,65580000,0
3,3,1890,20000000,0
3,4,1500,13500000,0
3,3,2142,20500000,0
3,3,2200,21000000,0
3,3,1500,12000000,0
3,3,1250,8000000,0
3,3,1250,8000000,0
3,3,1150,8200000,0
3,4,1680,11000000,0
3,3,1400,8400000,0
3,3,1204,7500000,0
3,3,1350,9500000,0
4,4,2400,20800000,0
2,2,1050,6300000,0
3,2,1100,8500000,0
3,3,1700,13600000,0
3,3,1700,13600000,0
4,4,3660,109800000,0
3,3,1200,6700000,0
3,4,1370,9500000,0
3,2,1150,6500000,0
2,2,840,5000000,0
6,4,3600,42000000,0
3,3,1450,9500000,0
3,5,2160,29000000,0
3,2,1050,5500000,0
2,2,1050,5000000,0
2,2,650,3200000,0
3,3,1618,12500000,0
4,5,3600,34000000,0
4,4,2280,25000000,0
3,3,1450,12000000,0
3,3,1290,6500000,0
3,3,1300,6000000,0
2,2,772,4300000,0
4,4,2160,24500000,0
3,3,1495,7000000,0
2,2,650,3500000,0
2,2,650,3200000,0
3,3,1200,5500000,0
3,3,1200,5500000,0
3,3,1200,5500000,0
3,2,1120,5500000,0
2,2,800,4000000,0
3,2,1000,6000000,0
3,2,1030,6000000,0
3,3,1250,6700000,0
3,3,1105,7500000,0
3,3,2374,26500000,0
2,2,970,4000000,0
3,3,1239,11000000,0
2,2,1040,6200000,0
3,3,1350,8500000,0
3,3,1660,10500000,0
4,4,1497,9500000,0
3,2,1000,6500000,0
3,1,700,2000000,0
2,2,925,5500000,0
3,3,1250,7000000,0
3,3,1750,11000000,0
3,3,1750,16000000,0
3,3,1600,14500000,0
3,3,1350,13500000,0
2,2,852,4800000,0
3,3,1850,15725000,0
4,4,1675,11500000,0
3,3,1250,7500000,0
3,3,1250,7500000,0
2,2,700,3000000,0
3,3,1350,13500000,0
3,3,1400,8500000,0
2,2,970,8500000,0
4,4,1760,14500000,0
3,3,1360,7500000,0
3,3,1600,12800000,0
3,4,2060,32960000,0
3,4,2060,32960000,0
4,4,1960,23520000,0
3,3,1500,11500000,0
4,4,2110,28485000,0
2,2,750,2625000,0
4,4,1800,14400000,0
3,3,2184,6000000,0
3,3,1120,5040000,0
3,3,1255,19452500,0
3,3,1250,5000000,0
4,4,2450,31000000,0
3,3,1300,11050000,0
3,3,1200,8700000,0
3,3,1450,11500000,0
3,3,1450,9500000,0
3,3,1680,8400000,0
3,2,1000,6500000,0
3,3,1100,6700000,0
3,3,1400,9200000,0
3,2,950,7000000,0
2,2,950,6700000,0
3,3,1150,5750000,0
3,3,1350,10150000,0
4,4,2050,21525000,0
2,2,850,4000000,0
3,3,1120,5600000,0
3,3,1100,8000000,0
3,2,1100,4950000,0
3,3,1450,10150000,0
4,4,1940,13968000,0
3,3,1350,8000000,0
3,3,1322,9000000,0
4,3,1635,10627500,0
3,3,1850,14800000,0
3,3,1325,9275000,0
4,4,5000,60000000,0
3,3,1220,9500000,0
3,4,2025,19000000,0
3,3,1275,8600000,0
4,4,1570,12500000,0
2,2,800,5600000,0
2,2,950,6100000,0
2,2,1000,6500000,0
2,2,975,6300000,0
2,2,1000,6500000,0
2,2,980,5500000,0
2,2,975,6337500,0
3,3,1285,11000000,0
3,4,1610,23000000,0
4,5,3640,24000000,0
2,2,650,2800000,0
3,3,1550,8600000,0
2,2,930,5200000,0
2,2,930,5200000,0
4,4,2400,26000000,0
3,3,1400,6300000,0
4,4,3600,39000000,0
3,3,1310,9200000,0
2,2,850,2500000,0
3,2,1256,6500000,0
3,3,1200,6050000,0
3,3,1530,15500000,0
2,2,650,4600000,0
3,3,2150,18500000,0
3,4,1316,13500000,0
3,3,1325,6500000,0
3,3,1852,21500000,0
3,3,1210,6000000,0
3,4,1654,11000000,0
3,3,1275,12500000,0
4,4,2600,42900000,0
4,4,1955,25237500,0
3,3,1609,12800000,0
3,3,1500,12800000,0
3,3,1207,12870000,0
3,3,1400,6500000,0
3,3,1430,8580000,0
3,3,1310,7205000,0
2,2,650,2200000,0
2,2,850,5500000,0
3,3,3100,46500000,0
4,3,1600,12000000,0
3,3,1375,12000000,0
2,2,1050,5500000,0
2,2,130,4200000,0
3,3,1450,8675000,0
3,3,1400,8400000,0
3,3,1180,6500000,0
2,2,780,2730000,0
3,2,1100,4950000,0
3,2,1100,4950000,0
3,2,1100,4950000,0
3,2,1100,4950000,0
3,2,1100,4950000,0
3,3,1096,6600000,0
3,3,1365,7507500,0
3,3,1365,7507500,0
3,3,1365,7507500,0
3,4,2415,25500000,0
2,2,810,3402000,0
3,3,1550,11500000,0
3,3,1050,3750000,0
4,4,4200,50400000,0
3,3,1400,6300000,0
3,3,1400,6300000,0
2,2,1000,4500000,0
4,3,1518,10000000,0
4,4,1250,12500000,0
4,4,2230,16000000,0
3,2,1200,6500000,0
3,3,1050,4500000,0
2,2,650,4225000,0
3,3,1400,6300000,0
3,3,1400,6300000,0
2,2,1000,4500000,0
3,3,1090,6540000,0
3,3,1463,5852000,0
3,3,1650,7500000,0
3,2,1125,4775000,0
3,2,1125,4775000,0
3,2,1150,4870000,0
2,2,600,2600000,0
2,2,650,2200000,0
3,3,1250,9000000,0
3,3,1250,15000000,0
3,3,1350,11000000,0
3,3,1350,9000000,0
3,3,1250,7000000,0
4,5,2500,22500000,0
4,5,2380,29000000,0
3,3,1100,6100000,0
3,3,1100,6100000,0
4,4,2500,22500000,0
3,4,1900,12350000,0
46,10,5000,72500000,0
46,10,5000,72500000,0
3,3,1910,22920000,0
3,3,1308,6600000,0
3,3,2268,47000000,0
2,2,780,4000000,0
3,4,1515,12877500,0
4,4,2500,35000000,0
3,3,1370,8500000,0
3,3,1260,10710000,0
3,3,1500,12750000,0
3,3,1750,19200000,0
3,3,1750,19200000,0
3,3,1070,7490000,0
3,2,970,5000000,0
3,3,1475,8850000,0
3,2,900,4000000,0
3,3,1260,8000000,0
3,3,1596,10374000,0
3,3,1350,10800000,0
3,3,1657,10500000,0
2,2,980,4500000,0
3,3,1370,7800000,0
3,3,1420,10500000,0
4,4,2456,22104000,0
4,4,2500,22500000,0
3,3,1599,15990000,0
8,6,2100,5460000,0
3,3,1348,11200000,0
4,4,2225,23500000,0
3,4,2255,22000000,0
3,3,1200,5400000,0
3,3,1200,5400000,0
3,2,1100,4950000,0
3,3,1445,6936000,0
3,3,1200,5000000,0
3,2,1150,6325000,0
3,2,1150,6325000,0
3,3,1050,3750000,0
3,2,1200,5500000,0
4,3,1650,10000000,0
2,1,89,3000000,0
3,3,1850,9800000,0
3,3,1420,8200000,0
2,2,850,3300000,0
3,3,1475,15550000,0
3,3,1375,14550000,0
3,2,1050,4410000,0
2,2,905,4072500,0
2,2,850,3825000,0
2,2,600,2880000,0
3,3,1422,9811800,0
3,2,1200,6050000,0
3,3,1470,7800000,0
3,3,1396,9674000,0
3,3,1100,6200000,0
3,3,1700,11600000,0
3,3,1625,11000000,0
2,2,900,6500000,0
3,3,1465,8600000,0
3,3,1600,12000000,0
3,3,1180,6490000,0
3,3,1215,7500000,0
2,2,800,4000000,0
2,2,785,8250000,0
3,3,1800,16000000,0
3,3,1700,18500000,0
3,3,1125,9500000,0
3,2,1200,11500000,0
2,2,1000,7500000,0
3,2,1150,9000000,0
2,2,800,4000000,0
3,2,1000,6000000,0
3,2,1030,6000000,0
3,3,1250,6700000,0
3,3,1105,7500000,0
3,3,2374,26500000,0
2,2,970,4000000,0
3,3,1239,11000000,0
2,2,1040,6200000,0
3,3,1350,8500000,0
3,3,1660,10500000,0
4,4,1497,9500000,0
3,3,3600,55000000,0
3,3,1360,13900000,0
3,3,1360,8000000,0
4,5,2220,24000000,0
3,3,1100,6500000,0
2,2,930,5500000,0
3,4,2250,21500000,0
3,3,1238,11000000,0
3,3,1700,15000000,0
3,3,1120,6000000,0
3,3,1150,6000000,0
3,3,1200,6000000,0
3,4,1635,9000000,0
3,3,1445,13000000,0
3,3,1350,6500000,0
3,2,1115,5800000,0
4,4,3132,27000000,0
2,2,1000,6000000,0
3,3,1550,12000000,0
3,2,975,4000000,0
4,4,2440,25400000,0
3,3,2700,67500000,0
3,3,2700,67500000,0
3,3,1250,7500000,0
3,3,1600,14400000,0
3,3,1600,19200000,0
3,3,1550,11500000,0
4,4,2187,39366000,0
3,3,1500,12000000,0
3,3,1227,5800000,0
3,3,1150,6000000,0
2,1,600,2000000,0
3,2,1050,4500000,0
3,3,550,8000000,0
3,3,1300,6500000,0
3,3,2150,23500000,0
3,3,1335,6007500,0
3,3,1186,5337000,0
2,2,895,5500000,0
2,2,765,5207500,0
2,2,750,4000000,0
2,2,750,4000000,0
3,3,930,3900000,0
3,3,1542,8500000,0
2,2,650,2400000,0
3,3,1250,6250000,0
3,2,1250,6250000,0
3,3,1600,9500000,0
3,3,1275,5737500,0
2,2,875,4000000,0
3,3,3200,20000000,0
3,3,1300,6500000,0
3,3,1300,6500000,0
3,3,1180,7500000,0
2,2,956,5800000,0
3,2,1250,7500000,0
3,2,900,4320000,0
3,2,925,4440000,0
3,2,900,4320000,0
4,4,1800,9000000,0
3,2,1225,5512500,0
3,2,1100,4620000,0
3,2,1100,5800000,0
2,2,1300,6500000,0
3,2,800,5300000,0
2,2,830,4700000,0
3,3,4025,50000000,0
3,3,1200,7500000,0
3,3,1465,8000000,0
3,2,1050,6000000,0
3,3,1260,7000000,0
3,3,1275,7200000,0
2,2,855,4275000,0
16,10,2154,32310000,0
16,10,2154,32310000,0
3,3,1513,13500000,0
3,4,2000,20000000,0
3,3,1175,9987500,0
3,3,1100,9000000,0
3,4,1637,12000000,0
3,3,1425,11500000,0
3,3,1500,12000000,0
2,2,612,2900000,0
2,2,650,4000000,0
3,3,1220,9500000,0
2,2,1020,5000000,0
3,3,1310,9825000,0
3,3,1310,12000000,0
2,2,650,2800000,0
4,5,2900,35000000,0
2,2,600,3250000,0
3,3,1125,5925000,0
3,4,2230,21200000,0
2,2,1150,8700000,0
3,2,1175,7000000,0
3,3,1040,6500000,0
3,3,2060,18540000,0
3,3,1425,19950000,0
3,3,1280,7680000,0
4,4,2650,21000000,0
3,3,1218,11000000,0
3,3,1475,15000000,0
3,3,1500,7300000,0
3,3,1275,10600000,0
2,2,1050,4800000,0
2,2,850,5500000,0
3,4,1440,7300000,0
2,3,948,7000000,0
3,3,1920,10500000,0
2,2,900,4800000,0
2,2,887,3000000,0
3,2,1245,6800000,0
3,2,1180,6500000,0
3,3,1250,8200000,0
3,3,1300,8500000,0
3,3,307,9210000,0
3,3,307,9210000,0
4,4,1000,35000000,0
3,2,1000,6000000,0
3,3,1265,8800000,0
3,3,1450,7000000,0
3,3,1650,13200000,0
3,3,1180,7000000,0
3,4,1650,14000000,0
3,3,1240,8700000,0
3,3,1504,7100000,0
2,2,750,4000000,0
2,2,750,3500000,0
3,3,1980,18000000,0
3,5,1585,14000000,0
3,3,1485,13200000,0
3,3,1545,14000000,0
3,3,1050,8200000,0
4,4,1650,9500000,0
4,4,2250,21800000,0
4,4,3000,120000000,0
4,4,2160,34800000,0
3,3,1350,8000000,0
3,3,1133,5200000,0
3,3,980,5500000,0
3,3,1610,13000000,0
3,3,1200,10000000,0
3,3,1120,5040000,0
3,3,1250,8625000,0
3,3,1250,8625000,0
3,3,1050,19400000,0
3,2,1100,6500000,0
4,4,2350,19500000,0
2,2,650,3500000,0
2,2,650,3500000,0
3,4,1517,11500000,0
4,5,2200,23000000,0
2,2,700,3800000,0
3,3,1722,18200000,0
3,3,1250,7500000,0
3,3,1150,7975000,0
2,2,900,4600000,0
3,3,1050,6000000,0
3,3,1200,5000000,0
3,3,1400,12500000,0
3,3,1200,6000000,0
4,4,1740,11300000,0
3,3,1200,7700000,0
2,2,1000,3500000,0
3,3,1770,9000000,0
3,3,1250,6000000,0
3,3,1450,12000000,0
2,2,880,4400000,0
3,3,1375,8400000,0
3,3,1115,6700000,0
3,2,1000,6800000,0
3,2,820,3700000,0
3,3,1250,7000000,0
3,3,1400,7500000,0
4,4,3200,58000000,0
3,3,1150,7000000,0
3,2,1140,6100000,0
3,3,1500,10800000,0
3,3,1332,5791500,0
3,3,1332,7326000,0
3,2,1150,6500000,0
2,2,980,5390000,0
2,2,900,4950000,0
3,3,1250,6000000,0
3,4,1851,13882500,0
3,4,1700,15000000,0
3,3,1050,6300000,0
3,3,1475,15550000,0
3,3,2961,52500000,0
2,2,900,3150000,0
3,3,1459,13500000,0
3,3,1500,12500000,0
3,3,1350,11600000,0
3,3,2160,21000000,0
4,5,2880,32000000,0
4,4,1560,11200000,0
2,2,850,5000000,0
3,3,1518,12400000,0
2,2,1100,5500000,0
3,3,1250,7200000,0
2,2,850,4000000,0
3,3,1200,5800000,0
3,2,950,5200000,0
3,3,1500,11500000,0
3,2,725,4800000,0
3,3,1350,6575000,0
3,3,1245,5353500,0
3,3,1350,8500000,0
3,3,1375,7000000,0
2,2,860,4500000,0
3,2,1020,6000000,0
3,2,1050,4725000,0
2,2,950,4275000,0
4,4,2450,43000000,0
4,5,2258,28000000,0
3,4,1500,12200000,0
3,4,3226,30000000,0
3,2,1050,5000000,0
3,3,1872,13500000,0
3,2,935,6610000,0
2,2,750,3500000,0
3,2,963,2503800,0
2,2,951,2472600,0
3,3,1248,3244800,0
3,3,1550,12500000,0
1,1,350,5500000,0
3,3,1600,16000000,0
3,3,1600,16000000,0
3,3,1800,18000000,0
3,3,1439,13000000,0
3,3,1505,11500000,0
3,4,1605,17000000,0
3,3,1537,14500000,0
3,3,1350,9500000,0
3,3,1750,12000000,0
4,3,2000,20000000,0
3,3,307,9210000,0
3,3,307,9210000,0
4,4,1000,35000000,0
3,2,1000,6000000,0
3,3,1265,8800000,0
3,3,1450,7000000,0
2,2,800,3800000,0
3,3,2200,18500000,0
3,3,1350,7400000,0
2,2,840,5000000,0
6,4,3600,42000000,0
3,3,1450,9500000,0
3,5,2160,29000000,0
3,2,1050,5500000,0
2,2,1050,5000000,0
2,2,650,3200000,0
3,3,1618,12500000,0
4,5,3600,34000000,0
4,4,2280,25000000,0
3,3,1450,12000000,0
3,3,1290,6500000,0
3,3,1300,6000000,0
2,2,772,4300000,0
4,4,2160,24500000,0
3,3,1495,7000000,0
2,2,650,3500000,0
2,2,650,3200000,0
3,3,1200,5500000,0
3,3,1200,5500000,0
3,3,1200,5500000,0
3,3,1475,8850000,0
3,2,900,4000000,0
3,3,1260,8000000,0
3,3,1596,10374000,0
3,3,1350,10800000,0
3,3,1657,10500000,0
2,2,980,4500000,0
3,3,1370,7800000,0
3,3,1420,10500000,0
4,4,2456,22104000,0
4,4,2500,22500000,0
3,3,1599,15990000,0
3,3,1450,10150000,0
4,4,1940,13968000,0
3,3,1350,8000000,0
3,3,1322,9000000,0
4,3,1635,10627500,0
3,3,1850,14800000,0
3,3,1245,4500000,0
3,2,1250,4500000,0
3,2,1000,5100000,0
3,3,1900,23000000,0
3,3,1400,8400000,0
2,2,1265,7500000,0
5,4,2400,18000000,0
3,3,1050,10000000,0
3,3,2100,15750000,0
3,3,2100,15750000,0
2,2,800,3200000,0
4,4,2140,16000000,0
3,2,955,5000000,0
3,3,1285,7788000,0
3,3,2350,50000000,0
3,3,1412,7000000,0
5,4,2160,18000000,0
2,2,1100,9000000,0
3,2,1125,6187500,0
2,2,241,4500000,0
3,3,1205,6600000,0
3,3,1220,6800000,0
3,4,1800,19000000,0
3,3,900,4050000,0
3,3,1350,7425000,0
2,2,780,3120000,0
3,3,1250,9000000,0
2,2,900,4000000,0
2,2,650,2300000,0
3,4,1560,10000000,0
3,3,1133,6231500,0
2,1,360,3500000,0
3,3,1100,5000000,0
3,3,1390,7665000,0
3,3,1485,8167000,0
3,3,1485,8167000,0
3,3,1080,4320000,0
3,2,1050,5500000,0
3,3,1300,5850000,0
3,3,1300,5460000,0
3,3,1150,6000000,0
2,1,600,2000000,0
3,2,1050,4500000,0
3,3,550,8000000,0
3,3,1300,6500000,0
3,3,2150,23500000,0
3,3,1335,6007500,0
3,3,1186,5337000,0
2,2,895,5500000,0
2,2,765,5207500,0
2,2,750,4000000,0
2,2,750,4000000,0
3,3,930,3900000,0
3,3,1542,8500000,0
2,2,650,2400000,0
3,3,1250,6250000,0
3,2,1250,6250000,0
3,3,1600,9500000,0
3,3,1485,8167000,0
3,3,1485,8167000,0
2,2,632,4424000,0
3,4,1560,10000000,0
3,3,1133,6231500,0
2,1,360,3500000,0
3,3,1100,5000000,0
3,3,1390,7665000,0
3,3,1485,8167000,0
3,3,1485,8167000,0
3,3,1080,4320000,0
3,2,1050,5500000,0
3,3,1300,5850000,0
3,3,1300,5460000,0
3,3,1410,7000000,0
2,2,860,4500000,0
3,3,1254,5500000,0
4,5,2859,35237500,0
3,3,1195,8500000,0
3,4,1800,7500000,0
3,3,1860,12000000,0
3,4,1654,8500000,0
3,2,950,3500000,0
3,3,1360,13000000,0
3,3,1360,10000000,0
3,4,1250,23000000,0
3,3,1332,5594400,0
3,4,2200,20000000,0
3,3,1537,14500000,0
3,3,1585,13000000,0
3,3,2000,17000000,0
4,4,2036,17000000,0
3,2,1095,7000000,0
3,3,1240,9000000,0
3,3,1500,12500000,0
3,2,1265,12650000,0
3,3,1120,6160000,0
3,2,960,3700000,0
3,3,1350,6500000,0
2,1,550,2310000,0
3,2,1075,4062500,0
4,4,4686,210870000,0
2,1,682,3600000,0
2,1,682,3600000,0
3,2,852,8094000,0
3,3,1250,10500000,0
3,3,1150,5500000,0
3,3,1550,12000000,0
3,2,975,4000000,0
3,2,900,4320000,0
3,2,925,4440000,0
3,2,900,4320000,0
4,4,1800,9000000,0
3,2,1225,5512500,0
3,2,1100,4620000,0
3,2,1100,5800000,0
2,2,1300,6500000,0
3,2,800,5300000,0
3,3,1100,5500000,0
4,5,2900,35000000,0
2,2,600,3250000,0
3,3,1125,5925000,0
3,4,2230,21200000,0
2,2,1150,8700000,0
3,2,1175,7000000,0
3,3,1040,6500000,0
4,4,2700,26500000,0
4,4,2440,25400000,0
3,3,2700,67500000,0
3,3,2700,67500000,0
3,3,1250,7500000,0
3,3,1600,14400000,0
3,3,1600,19200000,0
3,3,1550,11500000,0
4,4,2187,39366000,0
3,3,1618,12500000,0
3,2,1000,5700000,0
4,5,2553,37500000,0
3,3,1294,10000000,0
2,2,900,4100000,0
3,3,1265,8500000,0
3,2,975,4000000,0
3,4,1960,39000000,0
3,5,2075,29300000,0
3,2,1220,5020000,0
2,2,650,3000000,0
4,4,3218,27500000,0
3,3,1265,8500000,0
3,3,1250,7500000,0
3,3,1900,23000000,0
3,3,1245,5368000,0
2,2,1100,5500000,0
4,5,2220,24100000,0
3,3,1250,11700000,0
3,3,1250,6265000,0
2,2,650,3000000,0
2,2,1000,4500000,0
3,3,1500,15000000,0
3,4,2100,23110000,0
3,3,1725,14662500,0
2,2,650,2800000,0
3,3,1265,8500000,0
2,2,1100,5500000,0
1,1,250,3400000,0
3,5,1585,14000000,0
4,4,3200,59000000,0
2,2,650,4600000,0
2,2,1000,4500000,0
3,3,2500,65000000,0
4,4,2160,25000000,0
3,3,1100,6050000,0
4,4,2900,101500000,0
3,3,900,14000000,0
3,3,1600,13600000,0
3,2,945,6200000,0
3,3,1160,8000000,0
3,2,1250,7400000,0
3,2,975,4000000,0
2,2,650,3000000,0
3,3,2184,6000000,0
3,2,975,4000000,0
3,3,1265,8500000,0
3,3,1185,11000000,0
3,4,1960,39000000,0
3,5,2075,29300000,0
3,3,1250,7600000,0
4,5,2220,24100000,0
3,3,1250,11700000,0
3,3,1250,6265000,0
3,3,1096,6600000,0
4,5,2553,37500000,0
3,3,1200,5985000,0
3,4,2255,22000000,0
3,3,1250,7500000,0
3,3,2120,33000000,0
3,3,1431,9000000,0
2,1,630,3500000,0
3,2,1175,7000000,0
4,4,2180,17500000,0
3,2,1150,4885000,0
3,3,1156,6827500,0
2,2,1150,8700000,0
3,3,1618,12500000,0
3,2,1000,5700000,0
4,4,3900,52000000,0
3,3,1650,9075000,1
4,5,2079,14500000,1
3,3,1644,9000000,1
3,3,2200,12000000,1
3,3,1620,13000000,1
3,4,1800,12500000,1
3,4,1800,12500000,1
4,4,3500,29000000,1
3,3,1800,12160000,1
3,3,1250,5500000,1
3,3,1806,12481000,1
3,3,1400,8200000,1
3,3,1300,5600000,1
3,3,1250,5600000,1
3,5,2000,13000000,1
3,3,1775,14200000,1
2,2,200,4800000,1
3,3,1750,7875000,1
2,2,200,5000000,1
2,2,240,6000000,1
3,3,1440,6500000,1
3,2,135,2430000,1
3,2,905,3200000,1
3,3,1280,6000000,1
3,3,1315,5260000,1
3,3,1275,5100000,1
3,4,1641,11000000,1
3,3,1275,5100000,1
3,3,1806,12481000,1
4,4,3500,29000000,1
3,3,1616,11500000,1
3,3,1300,7280000,1
3,3,1235,6500000,1
3,3,1280,7400000,1
2,2,900,3800000,1
3,3,1280,7400000,1
3,3,1800,12160000,1
3,3,1250,5500000,1
3,3,1452,9300000,1
3,3,1426,7117000,1
3,3,1500,8700000,1
3,3,1460,8100000,1
3,3,1650,9075000,1
3,3,1530,7650000,1
4,5,2540,29210000,1
4,5,2540,29210000,1
4,5,2622,30153000,1
4,5,2530,29095000,1
4,5,2530,29095000,1
4,5,2530,29095000,1
3,3,2200,12000000,1
3,3,1620,13000000,1
3,4,1800,12500000,1
3,4,1800,12500000,1
3,5,2000,13000000,1
3,3,2200,17500000,1
2,2,972,5000000,1
3,3,1450,11500000,1
3,4,1290,11000000,1
3,3,1320,5940000,1
3,2,150,1500000,1
3,2,200,2000000,1
3,3,1200,6500000,1
3,2,115,2300000,1
3,3,1365,6000000,1
2,2,1150,4600000,1
2,2,1150,4600000,1
2,2,1050,4200000,1
2,2,1150,4600000,1
3,3,1750,10000000,1
3,3,1352,6760000,1
3,3,1370,6850000,1
2,2,200,4600000,1
3,2,86,1050000,1
2,2,200,4800000,1
3,3,1750,7875000,1
2,2,200,5000000,1
2,2,240,6000000,1
3,3,1440,6500000,1
3,2,135,2430000,1
3,2,905,3200000,1
3,3,1280,6000000,1
3,3,1335,5340000,1
3,3,1325,5300000,1
3,3,1315,5260000,1
3,3,1275,5100000,1
3,3,1331,7600000,1
3,3,1230,9500000,1
3,3,1230,16605000,1
3,3,1270,17145000,1
3,3,1150,5000000,1
3,3,157,4082000,1
3,4,1525,14000000,1
4,5,4320,42000000,1
3,3,2071,14459000,1
2,2,1025,5000000,1
2,2,1017,4500000,1
3,3,1200,5800000,1
3,3,1565,7260000,1
3,3,1565,7260000,1
3,3,1549,7200000,1
3,3,1600,8000000,1
4,4,1900,8930000,1
3,5,2000,13000000,1
4,6,3000,15000000,1
3,3,1500,10000000,1
3,3,1162,6972000,1
3,3,1162,6972000,1
3,3,1162,6972000,1
3,3,1665,7000000,1
3,3,1950,13000000,1
2,2,850,8000000,1
3,3,1340,7370000,1
2,2,900,5300000,1
4,4,2636,20560800,1
3,3,1350,6300000,1
3,3,1800,10000000,1
3,3,1685,9267500,1
3,3,1500,8250000,1
3,3,1500,8250000,1
3,3,2020,18000000,1
3,3,1750,11000000,1
3,3,1400,8500000,1
3,3,1672,14200000,1
3,3,1100,4950000,1
3,4,205,14350000,1
3,4,138,10350000,1
3,3,277,16620000,1
3,4,175,13125000,1
3,3,1230,6396000,1
2,2,120,3000000,1
2,2,128,3125000,1
4,4,1160,23200000,1
3,3,1160,29000000,1
2,2,125,3500000,1
3,3,1250,7500000,1
3,3,1355,4742500,1
3,3,1355,4742500,1
3,3,1355,4742500,1
3,3,2180,9000000,1
3,4,1800,12500000,1
3,4,1800,12500000,1
3,5,2000,13000000,1
3,3,2200,17500000,1
2,2,972,5000000,1
3,4,1860,13820000,1
4,4,1250,8600000,1
3,3,1150,7500000,1
3,3,1400,8000000,1
3,3,1324,9400000,1
3,3,1300,7200000,1
3,4,1728,22000000,1
4,4,2643,23000000,1
4,6,2880,15000000,1
2,2,105,3675000,1
3,2,110,3850000,1
3,3,1200,6000000,1
2,2,118,2950000,1
3,3,1200,6000000,1
3,2,200,2200000,1
2,2,150,3000000,1
2,2,156,3120000,1
2,2,156,3120000,1
2,2,156,3120000,1
2,2,105,3675000,1
4,4,1638,8000000,1
3,3,1550,7750000,1
3,3,1550,7750000,1
2,2,1100,4500000,1
4,3,1500,6000000,1
3,3,1350,6800000,1
3,3,115,4025000,1
2,2,105,3675000,1
3,2,110,3850000,1
3,3,125,4375000,1
3,2,110,3850000,1
2,2,120,4200000,1
2,2,105,3675000,1
3,3,1575,9000000,1
3,3,1250,4800000,1
3,3,1400,7000000,1
4,4,3000,28000000,1
2,2,220,3000000,1
3,3,825,3700000,1
2,2,1007,5034000,1
2,2,157,5024000,1
2,2,120,3120000,1
2,2,129,3354000,1
3,3,1270,6604000,1
3,3,1400,7280000,1
3,3,1050,5250000,1
3,3,1580,7900000,1
3,3,1428,4998000,1
3,3,1408,4928000,1
4,4,1500,4950000,1
4,4,1500,4950000,1
3,2,1500,6000000,1
3,2,1600,6400000,1
3,3,1160,5220000,1
3,3,1300,7150000,1
3,2,1200,4800000,1
2,2,118,2950000,1
3,3,1200,6000000,1
3,2,200,2200000,1
2,2,150,3000000,1
2,2,156,3120000,1
2,2,156,3120000,1
2,2,156,3120000,1
2,2,105,3675000,1
4,4,1638,8000000,1
3,3,1550,7750000,1
3,3,1550,7750000,1
2,2,1100,4500000,1
3,3,1222,4888000,1
3,3,1226,4904000,1
3,3,1428,4998000,1
3,3,1408,4928000,1
4,4,1500,4950000,1
4,4,1500,4950000,1
3,2,1500,6000000,1
3,2,1600,6400000,1
3,3,1160,5220000,1
3,3,1300,7150000,1
3,2,1200,4800000,1
3,3,1550,6500000,1
3,3,1400,8000000,1
3,3,1324,9400000,1
3,3,1300,7200000,1
3,3,1575,9000000,1
3,3,1550,7500000,1
3,3,1000,5000000,1
3,2,200,1300000,1
3,2,200,1300000,1
3,5,1622,9300000,1
3,3,169,4725000,1
3,3,194,5350000,1
3,3,2000,11000000,1
3,3,1878,15000000,1
3,3,1635,12000000,1
3,3,1180,6490000,1
3,3,1250,7000000,1
3,2,110,3850000,1
2,2,150,3000000,1
3,3,1000,4000000,1
3,3,1400,7800000,1
3,3,1080,5700000,1
4,5,3001,48016000,1
4,5,3638,65484000,1
3,3,1555,6000000,1
3,3,1644,9000000,1
3,3,1500,9000000,1
3,3,1200,4500000,1
3,4,1650,12000000,1
2,2,900,4500000,1
3,3,1325,5300000,1
2,2,129,3725000,1
3,3,176,4400000,1
2,2,110,2750000,1
3,3,1775,12137500,1
3,3,1700,10500000,1
3,3,1430,8500000,1
3,4,2200,13000000,1
3,4,2000,13000000,1
3,2,1290,8000000,1
3,3,1337,7754600,1
3,3,1459,8462200,1
3,3,1360,7888000,1
3,3,1337,7754600,1
2,3,1150,6000000,1
4,5,4509,45000000,1
3,3,1200,7200000,1
3,3,1397,5838000,1
3,4,1630,8500000,1
3,3,1370,6500000,1
3,2,1278,6500000,1
3,3,181,9500000,1
3,3,1410,7755000,1
3,3,1354,6400000,1
2,2,1013,5000000,1
3,3,1450,11500000,1
3,4,1290,11000000,1
3,3,1320,5940000,1
3,2,150,1500000,1
3,2,200,2000000,1
3,3,1200,6500000,1
3,2,115,2300000,1
3,3,1365,6000000,1
2,2,1150,4600000,1
2,2,1150,4600000,1
2,2,1050,4200000,1
2,2,1150,4600000,1
3,3,1750,10000000,1
3,3,1352,6760000,1
3,3,1370,6850000,1
2,2,200,4600000,1
3,2,86,1050000,1
7,8,1680,30000000,1
3,3,1545,7725000,1
3,3,1375,8562500,1
3,3,1375,8562500,1
3,4,1780,13000000,1
3,3,1400,7800000,1
3,3,1544,9264000,1
3,3,1644,9864000,1
3,3,1646,10039120,1
3,3,1340,8000000,1
3,3,2250,16000000,1
3,3,1335,5340000,1
3,3,1325,5300000,1
3,3,1600,6500000,1
3,3,1100,5500000,1
3,3,2250,12000000,1
4,5,3600,20000000,1
3,3,1644,9864000,1
3,3,1608,8040000,1
3,3,1740,11500000,1
3,3,1775,12137500,1
3,3,1700,10500000,1
3,3,1430,8500000,1
2,2,900,4500000,1
3,3,1325,5300000,1
3,4,1646,11028200,1
3,3,1588,9800000,1
3,3,1175,5875000,1
3,3,1545,7725000,1
3,3,1336,6680000,1
3,3,1699,8495000,1
3,3,1739,8695000,1
3,3,1440,6000000,1
3,3,1440,6192000,1
3,3,1440,6000000,1
3,3,1440,6192000,1
3,3,1440,6192000,1
2,2,129,3725000,1
3,3,176,4400000,1
2,2,110,2750000,1
3,4,2200,13000000,1
3,4,2000,13000000,1
3,2,1290,8000000,1
3,3,1397,5838000,1
3,4,1630,8500000,1
3,3,1370,6500000,1
3,3,1100,7500000,1
3,3,1760,14000000,1
3,3,1314,7570000,1
3,3,1650,9675000,1
3,3,1500,11000000,1
3,3,2200,12100000,1
3,3,1206,5427000,1
3,4,1900,14100000,1
3,2,93,2418000,1
3,2,110,3850000,1
3,2,111,3885000,1
2,2,1120,6720000,1
3,3,1700,8160000,1
3,3,1075,5052500,1
2,2,1050,4000000,1
2,2,138,3950000,1
2,2,864,4800000,1
3,3,1440,8200000,1
3,3,1800,15824000,1
3,4,1860,13820000,1
4,4,1841,16000000,1
3,3,1300,6200000,1
2,2,200,4800000,1
4,5,2530,29095000,1
4,3,1650,8200000,1
2,2,980,4200000,1
3,3,1305,11000000,1
3,3,1200,4500000,1
3,4,1592,8560000,1
3,3,1300,7500000,1
3,3,1262,5679000,1
3,3,1186,5337000,1
2,2,145,2900000,1
4,4,3000,27000000,1
3,3,1320,6000000,1
4,5,2410,15500000,1
4,5,2520,14500000,1
3,2,905,3200000,1
3,5,1592,8560000,1
3,2,1150,6200000,1
3,3,1186,5337000,1
2,2,854,4800000,1
3,3,1450,8500000,1
3,3,1340,6800000,1
3,3,125,4375000,1
3,3,115,4025000,1
3,3,1400,7700000,1
2,2,150,3700000,1
2,2,950,5000000,1
3,3,1700,8500000,1
3,3,1265,5500000,1
3,3,1500,8250000,1
3,4,1850,10000000,1
3,3,1253,5638500,1
2,2,150,3100000,1
3,3,1300,9700000,1
3,3,1392,8500000,1
3,3,1320,7000000,1
3,3,1100,5500000,1
3,3,1612,12000000,1
3,3,965,5200000,1
3,3,2200,12100000,1
3,3,169,5175000,1
3,3,1250,7500000,1
3,3,1400,8500000,1
3,3,1200,4500000,1
3,4,2100,16000000,1
2,2,150,3000000,1
3,3,125,4375000,1
3,3,125,4375000,1
3,3,1600,7000000,1
3,3,1240,5000000,1
3,2,120,2500000,1
3,3,1050,7000000,1
3,3,1270,6604000,1
3,3,1350,6000000,1
4,4,2252,11260000,1
3,3,1350,6831000,1
4,5,2500,17500000,1
4,5,2540,29210000,1
4,5,2530,29095000,1
4,5,2622,30153000,1
4,5,2530,29095000,1
3,2,1300,5800000,1
3,3,1300,8200000,1
3,3,1600,10000000,1
3,3,1240,7000000,1
4,4,2600,18500000,1
4,5,2410,15500000,1
3,2,850,3900000,1
3,3,1455,12500000,1
3,3,1460,8100000,1
3,4,1756,9000000,1
3,3,1580,7200000,1
7,8,4000,58000000,1
3,3,1744,8700000,1
2,2,966,3800000,1
7,8,3000,30000000,1
3,3,1750,9500000,1
3,3,1459,8462200,1
3,3,1415,5820000,1
2,2,854,4500000,1
3,3,1520,16000000,1
3,3,1575,14014000,1
3,4,1485,12000000,1
3,3,1430,6600000,1
3,3,1485,8000000,1
3,3,1664,9200000,1
3,4,1800,12500000,1
3,5,2000,13000000,1
3,3,1500,6000000,1
3,3,1570,6280000,1
3,3,1570,6280000,1
3,3,1335,5340000,1
3,3,1325,5900000,1
3,2,104,2184000,1
3,2,124,2232000,1
3,3,1471,6100000,1
3,3,1692,16000000,1
3,3,1400,11200000,1
3,3,1462,9500000,1
3,3,1320,5940000,1
3,3,1320,5940000,1
3,2,180,1800000,1
3,2,200,2000000,1
2,2,110,2750000,1
3,2,120,2640000,1
3,2,115,2300000,1
2,2,154,3080000,1
3,3,1400,7000000,1
3,3,1650,6600000,1
2,2,1150,4600000,1
2,2,175,3500000,1
2,2,1150,4600000,1
2,2,1150,4600000,1
2,2,1150,4600000,1
2,2,1150,4600000,1
2,2,1050,4200000,1
2,2,1150,4600000,1
3,2,129,2580000,1
2,2,200,4600000,1
2,2,200,4600000,1
2,2,200,4600000,1
2,2,200,4600000,1
3,3,1744,12000000,1
3,4,2060,11500000,1
3,3,1400,8400000,1
3,3,900,5400000,1
3,3,1250,6950000,1
3,3,1530,12300000,1
3,3,1847,12000000,1
3,3,1500,8500000,1
4,4,1950,14625000,1
3,3,1300,10000000,1
3,3,1330,10000000,1
3,3,1440,8000000,1
3,3,2160,18000000,1
3,3,256,25000000,1
3,3,1510,5285000,1
3,3,1410,8000000,1
3,3,1460,7000000,1
4,4,2500,12200000,1
3,3,2200,19000000,1
3,2,84,1250000,1
2,2,200,4800000,1
2,2,200,4800000,1
3,3,240,5760000,1
3,3,240,5760000,1
2,2,200,5000000,1
3,3,1000,5000000,1
3,2,120,2160000,1
3,2,130,2340000,1
3,3,1300,8000000,1
3,3,1500,6000000,1
3,3,1570,6280000,1
3,3,1435,5740000,1
3,3,1335,5340000,1
3,3,1570,6280000,1
3,3,1570,6280000,1
3,3,1335,5340000,1
3,3,1325,5900000,1
3,2,104,2184000,1
3,2,124,2232000,1
2,2,159,2862000,1
3,3,1471,6100000,1
3,3,1625,7512500,1
3,3,1313,6500000,1
3,3,1422,9811800,1
3,3,1433,9887700,1
3,3,1440,9936000,1
3,4,1510,10419000,1
3,3,1744,12000000,1
3,3,1924,19500000,1
3,3,1500,12000000,1
3,3,1644,9864000,1
3,4,1800,13000000,1
3,3,1700,8000000,1
2,2,1050,6000000,1
3,4,1760,13120000,1
2,2,900,5000000,1
3,3,1800,15824000,1
3,3,1012,4400000,1
3,3,1200,6000000,1
3,3,1720,7880000,1
3,3,1275,7393750,1
2,2,978,5500000,1
4,5,2500,25000000,1
3,3,1545,7725000,1
3,3,1739,8695000,1
3,3,1175,5875000,1
3,3,1175,5875000,1
3,3,1336,8000000,1
3,3,2000,16000000,1
3,3,1593,7646400,1
3,3,1699,8155200,1
3,3,1420,7810000,1
3,3,1350,6700000,1
3,3,1801,14817700,1
3,3,1390,11000000,1
2,2,1000,8000000,1
2,2,1000,8000000,1
3,3,1250,6950000,1
3,3,3400,19400000,1
3,3,444,11988000,1
2,2,150,3700000,1
2,2,130,3380000,1
2,2,175,4550000,1
2,2,135,6000000,1
3,3,1225,9500000,1
3,3,1300,10000000,1
3,3,1330,10000000,1
3,3,1440,8000000,1
3,3,2160,18000000,1
3,3,125,4375000,1
3,2,110,3850000,1
3,3,1550,7750000,1
2,2,120,4200000,1
3,2,110,3850000,1
2,2,120,4200000,1
3,2,110,3850000,1
3,3,115,4025000,1
3,3,1426,7130000,1
3,3,1550,7750000,1
3,3,115,4025000,1
3,3,125,4375000,1
2,2,125,3750000,1
3,3,112,3920000,1
2,2,125,3750000,1
3,3,115,4025000,1
2,2,102,3570000,1
2,2,110,3800000,1
3,3,1200,5200000,1
3,3,1200,6000000,1
2,2,129,3225000,1
3,3,1428,4998000,1
3,3,1400,7800000,1
3,2,1500,6000000,1
3,3,1135,3800000,1
3,3,1300,7150000,1
3,3,1550,9335000,1
3,3,1550,9335000,1
3,5,2000,6000000,1
3,3,1536,5683200,1
3,3,1550,6500000,1
2,2,150,3300000,1
2,2,146,2920000,1
3,2,118,2360000,1
2,2,1120,6720000,1
3,3,1480,6660000,1
3,3,1685,9267500,1
3,3,1500,8250000,1
3,3,1685,9267500,1
3,3,1250,5000000,1
3,3,1262,5679000,1
3,3,1302,5859000,1
3,3,1302,5859000,1
3,3,1310,5500000,1
3,3,1262,5679000,1
3,3,1253,5638500,1
3,3,1253,5638500,1
3,3,1186,5337000,1
4,5,2410,15500000,1
3,3,1650,9675000,1
3,4,1572,8460000,1
3,3,1835,9800000,1
3,3,1420,7100000,1
4,4,2100,20000000,1
3,3,1336,6680000,1
3,2,1000,5500000,1
3,3,1672,13300000,1
3,3,1250,6500000,1
3,3,2200,19000000,1
3,3,1426,7500000,1
3,4,1620,10854000,1
3,4,1646,11028200,1
3,4,1620,10854000,1
3,4,1686,11296200,1
3,3,1175,5875000,1
3,3,1739,8695000,1
3,3,1440,6192000,1
4,4,555,35000000,1
3,3,1200,5400000,1
4,5,4000,20000000,1
3,3,1235,6175000,1
2,2,1003,5000000,1
3,3,1103,5515000,1
2,2,852,3500000,1
2,2,890,3000000,1
3,3,1320,5544000,1
3,3,1270,5334000,1
3,3,1270,5334000,1
3,3,1607,13000000,1
3,3,982,3928000,1
2,2,805,3220000,1
3,3,1102,4408000,1
3,3,1250,6000000,1
3,3,1120,5040000,1
3,2,1300,5800000,1
3,3,1300,8200000,1
4,4,2961,29500000,1
3,3,1336,6680000,1
3,2,1000,5500000,1
3,3,1672,13300000,1
3,3,1250,6500000,1
3,3,1592,8560000,1
3,3,1650,9675000,1
2,3,1200,7500000,1
3,3,1270,6604000,1
3,3,1350,6000000,1
4,4,2252,11260000,1
3,3,1350,6831000,1
4,5,2500,17500000,1
4,5,2540,29210000,1
4,5,2530,29095000,1
4,5,2622,30153000,1
4,5,2530,29095000,1
3,4,1760,16000000,1
3,3,1433,7800000,1
3,3,1870,13500000,1
3,3,1595,11000000,1
2,2,815,3600000,1
3,3,1050,7000000,1
2,2,150,3300000,1
2,2,146,2920000,1
3,2,118,2360000,1
2,2,1120,6720000,1
3,3,1480,6660000,1
3,3,1685,9267500,1
3,3,1500,8250000,1
3,3,1685,9267500,1
3,3,1250,5000000,1
3,3,1262,5679000,1
3,3,1302,5859000,1
3,3,1302,5859000,1
3,3,1310,5500000,1
3,3,1262,5679000,1
3,3,1253,5638500,1
3,3,1253,5638500,1
3,3,1186,5337000,1
3,3,1450,7500000,1
7,8,3888,12000000,1
3,3,2250,29000000,1
2,2,100,3800000,1
2,2,163,4575000,1
2,2,161,4525000,1
2,2,122,3550000,1
3,3,1645,7731500,1
3,2,1224,5100000,1
3,3,1400,7500000,1
3,3,1372,7200000,1
3,3,2000,11000000,1
3,3,2200,12100000,1
3,3,2200,12100000,1
3,3,2000,11000000,1
3,3,2000,11000000,1
3,3,1428,4998000,1
2,2,990,3960000,1
3,3,1170,4600000,1
3,2,115,2000000,1
2,2,950,3400000,1
2,2,150,3000000,1
3,3,115,4025000,1
2,2,156,3120000,1
2,2,105,3675000,1
3,2,110,3850000,1
4,4,3699,33000000,1
2,2,900,5000000,1
3,3,1800,15824000,1
3,4,1760,13120000,1
3,3,1426,7130000,1
3,3,1550,7750000,1
3,3,115,4025000,1
3,3,125,4375000,1
2,2,125,3750000,1
3,3,112,3920000,1
2,2,125,3750000,1
3,3,115,4025000,1
2,2,102,3570000,1
2,2,110,3800000,1
3,3,1200,5200000,1
3,3,1200,6000000,1
2,2,129,3225000,1
2,2,150,3000000,1
2,2,150,3000000,1
3,3,125,4375000,1
3,2,110,3850000,1
3,3,1550,7750000,1
2,2,120,4200000,1
3,2,110,3850000,1
2,2,120,4200000,1
3,2,110,3850000,1
3,3,115,4025000,1
3,3,1428,4998000,1
3,3,1400,7800000,1
3,2,1500,6000000,1
3,3,1135,3800000,1
3,3,1300,7150000,1
3,3,1550,9335000,1
3,3,1550,9335000,1
3,5,2000,6000000,1
3,3,1536,5683200,1
3,3,1550,6500000,1
3,3,1012,4400000,1
3,3,1200,6000000,1
3,4,1994,15000000,1
3,4,1610,10500000,1
3,3,1720,7880000,1
3,3,1524,9500000,1
4,4,1700,9500000,1
3,4,2150,13000000,1
3,3,1450,6500000,1
4,4,2775,21645000,1
3,3,1650,6600000,1
3,3,1500,8250000,1
3,3,1400,7700000,1
2,2,874,4800000,1
3,3,1450,9000000,1
3,3,1520,10000000,1
3,3,1520,10000000,1
3,3,1425,8550000,1
3,4,1900,14250000,1
3,3,1200,5000000,1
2,2,864,4800000,1
2,2,874,4800000,1
3,3,1760,14000000,1
3,3,1607,13000000,1
3,3,1650,9075000,1
2,2,1150,5800000,1
3,3,2520,7500000,1
3,3,1360,8000000,1
3,3,1500,10000000,1
3,3,1400,9200000,1
3,3,1324,11500000,1
7,8,1680,30000000,1
2,2,1100,4500000,1
4,5,2600,13500000,1
3,3,1175,4700000,1
3,2,1000,4000000,1
3,3,1400,8000000,1
3,3,1302,5859000,1
3,3,1770,7020000,1
3,3,190,5250000,1
2,2,162,4550000,1
3,3,1162,6972000,1
2,2,1140,6840000,1
4,5,2540,29210000,1
3,4,2000,13000000,1
3,3,1253,5638500,1
4,5,2500,25000000,1
3,3,1162,6972000,1
3,3,1650,9675000,1
3,3,2000,11000000,1
3,3,1300,4940000,1
3,3,1700,7000000,1
3,3,1302,5859000,1
3,3,1510,7000000,1
3,3,1550,9300000,1
2,2,1120,6720000,1
3,3,1700,7000000,1
3,3,1565,7500000,1
3,3,1275,4845000,1
3,3,1150,5200000,1
3,3,2200,17716000,1
4,4,3000,27500000,1
3,3,1644,9000000,1
3,3,1493,9800000,1
3,3,1390,11000000,1
2,2,120,3068000,1
3,3,1300,9700000,1
3,3,1690,8400000,1
3,3,1162,6972000,1
4,5,600,30900000,1
4,3,1850,8500000,1
3,3,1320,6000000,1
4,4,2643,23000000,1
3,4,1592,8560000,1
3,3,1300,5600000,1
3,3,1360,7888000,1
2,2,1060,5500000,1
3,3,2600,25000000,1
3,3,1450,7500000,1
3,3,1305,11000000,1
3,3,2200,12100000,1
3,3,1400,8000000,1
2,2,150,3000000,1
2,2,2160,12500000,1
3,3,1100,5500000,1
3,3,1800,8200000,1
3,3,1590,7473000,1
3,3,1375,4812500,1
3,3,1480,11000000,1
3,3,1255,10000000,1
2,2,800,3700000,1
3,3,125,4375000,1
3,3,1690,9119000,1
3,3,1956,10000000,1
3,3,1544,7148000,1
4,4,1379,20685000,1
4,5,2500,17500000,1
3,3,1365,11000000,1
3,3,1550,9300000,1
3,3,1550,9335000,1
3,3,1550,8835000,1
3,3,1275,7393750,1
3,3,1275,7393750,1
3,3,1275,7393750,1
3,3,1275,7393750,1
3,3,1500,6500000,1
3,3,1450,6400000,1
3,3,1450,6600000,1
3,3,1630,8150000,1
4,4,2500,17500000,1
3,2,100,2500000,1
3,4,1575,8000000,1
3,3,1100,7000000,1
3,3,1100,6500000,1
3,3,1590,10000000,1
3,4,1335,8500000,1
2,2,1000,3200000,1
3,3,286,7150000,1
3,3,1550,7750000,1
3,3,163,11410000,1
2,2,247,2964000,1
3,3,1300,6000000,1
4,4,2061,14500000,1
2,2,800,4000000,1
3,3,1160,29000000,1
4,4,1160,23200000,1
3,3,1160,29000000,1
3,3,1520,6000000,1
3,3,1335,4672500,1
2,2,1090,4500000,1
3,4,1800,12500000,1
3,3,1462,9500000,1
2,3,1110,4995000,1
2,3,1110,4995000,1
2,3,1110,4995000,1
3,2,150,1500000,1
3,2,180,1800000,1
2,2,115,2875000,1
3,2,136,2720000,1
3,2,115,2300000,1
3,3,1400,7000000,1
3,3,1400,7000000,1
2,2,180,3600000,1
2,2,1150,4600000,1
2,2,1150,4600000,1
2,2,1050,4200000,1
2,2,1050,4200000,1
3,3,1752,13064000,1
3,2,110,2200000,1
3,3,240,5520000,1
3,3,240,5520000,1
3,2,95,1240000,1
3,2,90,1260000,1
3,3,240,5520000,1
2,2,1500,6750000,1
2,2,200,5000000,1
3,3,1275,5100000,1
3,3,1435,5740000,1
3,3,1315,5260000,1
3,3,1335,5340000,1
3,3,1335,5340000,1
3,3,1325,5300000,1
3,2,101,2222000,1
2,2,184,3312000,1
3,2,150,2700000,1
3,3,1470,4410000,1
3,3,1436,11500000,1
3,4,1940,16132000,1
3,3,1544,9264000,1
3,3,1544,9264000,1
3,3,1644,9864000,1
3,3,1739,8695000,1
3,3,1375,8562500,1
4,4,555,35000000,1
3,3,1148,5592000,1
4,3,1700,12000000,1
3,3,1517,8000000,1
3,4,2280,22000000,1
3,2,1200,6800000,1
3,3,1500,11200000,1
3,3,1500,11200000,1
3,3,2000,16000000,1
3,5,2506,15000000,1
3,2,750,2500000,1
3,3,1305,6525000,1
3,3,2400,12000000,1
3,3,1100,4500000,1
2,2,1100,6600000,1
3,2,134,2680000,1
2,2,151,3020000,1
3,3,1685,9267500,1
3,3,1400,7700000,1
3,3,1150,5800000,1
3,3,1080,5700000,1
3,2,1075,5500000,1
2,2,978,5000000,1
3,3,1433,7132000,1
3,4,1350,8000000,1
3,3,1665,7000000,1
3,3,153,10000000,1
4,4,2148,38664000,1
3,2,88,1200000,1
20,10,4500,55620000,1
3,3,1050,5250000,1
2,2,900,4500000,1
3,3,1466,7000000,1
3,3,1300,7200000,1
3,3,1500,8600000,1
2,2,1015,5887000,1
3,3,1459,8462200,1
3,3,1337,7754600,1
3,3,1459,8462200,1
3,3,1337,7754600,1
2,2,800,4500000,1
3,3,3400,19400000,1
3,3,1672,8000000,1
3,4,1800,8500000,1
4,4,2500,17500000,1
3,3,1275,7393750,1
3,3,1275,7393750,1
3,3,1275,7393750,1
3,3,1275,7393750,1
3,3,1500,6500000,1
3,3,1200,4600000,1
3,3,1250,3800000,1
4,4,2500,12000000,1
3,3,1430,7936000,1
3,3,1430,7936000,1
3,3,1915,11490000,1
3,3,1162,6972000,1
3,3,1162,6972000,1
3,3,1570,11000000,1
3,2,850,4000000,1
3,3,1500,9000000,1
3,3,1423,7115000,1
3,3,1835,13000000,1
3,4,1350,7500000,1
3,3,1615,11500000,1
3,3,1500,8250000,1
3,3,1685,9267500,1
3,3,1500,8250000,1
3,3,1400,7700000,1
3,3,1685,9267500,1
3,3,1580,8000000,1
3,3,1436,11500000,1
3,4,1940,16132000,1
3,3,2295,25000000,1
3,3,1487,9000000,1
3,3,1440,9936000,1
3,3,1493,9800000,1
3,3,1493,9800000,1
3,3,1537,9000000,1
3,4,1800,12500000,1
3,4,1800,12500000,1
3,5,2000,13000000,1
3,3,1305,11000000,1
4,5,2540,29210000,1
4,5,2540,29210000,1
3,3,1700,8384200,1
3,4,1335,8500000,1
2,2,1000,3200000,1
3,3,286,7150000,1
3,3,1550,7750000,1
3,3,163,11410000,1
2,2,247,2964000,1
3,3,1300,6000000,1
4,4,2061,14500000,1
2,2,800,4000000,1
6,6,3800,24000000,1
3,3,1160,29000000,1
4,4,1160,23200000,1
3,3,1160,29000000,1
3,3,1520,6000000,1
3,3,1335,4672500,1
2,2,1090,4500000,1
4,6,3600,15000000,1
3,3,1210,7000000,1
4,4,2200,15000000,1
3,3,1621,10500000,1
2,2,150,3650000,1
3,3,1400,7500000,1
2,2,600,3000000,1
4,4,2252,11260000,1
3,3,1429,8000000,1
7,8,2800,30000000,1
3,4,1800,16000000,1
3,3,153,10000000,1
4,4,2148,38664000,1
3,2,88,1200000,1
3,2,1075,5500000,1
2,2,978,5000000,1
3,3,1433,7132000,1
3,3,1150,5800000,1
2,2,900,4500000,1
3,3,1080,5700000,1
3,3,1466,7000000,1
3,3,1300,7200000,1
3,3,1500,8600000,1
2,2,1015,5887000,1
3,3,1459,8462200,1
3,3,1337,7754600,1
3,3,1459,8462200,1
3,3,1337,7754600,1
2,2,800,4500000,1
3,3,3400,19400000,1
3,3,1200,8000000,1
3,3,1370,6500000,1
3,3,1162,6972000,1
3,3,1435,7000000,1
3,3,1500,8300000,1
3,3,1485,8000000,1
3,3,1350,9450000,1
3,3,1500,6000000,1
2,2,160,8000000,1
3,3,1254,7000000,1
5,5,2782,21699600,1
3,4,1780,10500000,1
3,3,1465,9962000,1
3,3,1727,14500000,1
3,4,1800,12500000,1
3,3,240,5520000,1
2,2,1500,6750000,1
2,2,200,5000000,1
3,3,1275,5100000,1
3,3,1435,5740000,1
3,3,1315,5260000,1
3,3,1335,5340000,1
3,3,1335,5340000,1
3,3,1325,5300000,1
3,2,101,2222000,1
2,2,184,3312000,1
3,2,150,2700000,1
3,3,1470,4410000,1
3,3,1316,6200000,1
2,2,174,4700000,1
3,3,150,5250000,1
2,2,139,3614000,1
2,2,136,3536000,1
3,3,1400,6500000,1
3,3,1408,5632000,1
2,2,1000,4000000,1
3,3,1550,7300000,1
3,3,1244,6500000,1
3,3,1149,7500000,1
3,4,1429,8500000,1
2,2,136,4187500,1
3,3,188,5675125,1
3,3,141,4330000,1
2,2,969,3600000,1
3,3,1350,6075000,1
2,2,975,3705000,1
3,3,1165,4427000,1
3,3,1145,5700000,1
3,3,1145,3400000,1
3,3,1382,6800000,1
3,2,1180,6200000,1
3,3,1130,5300000,1
4,5,4000,20000000,1
2,2,105,3675000,1
3,3,1500,8700000,1
3,3,1545,7500000,1
3,4,190,16150000,1
3,3,1550,7750000,1
2,2,120,4200000,1
3,3,117,4050000,1
2,2,125,3750000,1
2,2,120,4200000,1
2,2,115,3450000,1
3,3,1500,8700000,1
2,2,136,4187500,1
3,3,188,5675125,1
3,3,141,4330000,1
2,2,969,3600000,1
3,3,1350,6075000,1
2,2,975,3705000,1
3,3,1165,4427000,1
3,3,1145,5700000,1
3,3,1145,3400000,1
3,3,1382,6800000,1
3,2,1180,6200000,1
3,3,1130,5300000,1
4,5,4000,20000000,1
2,2,105,3675000,1
3,3,1550,7300000,1
3,3,1244,6500000,1
3,3,1700,8384200,1
3,3,1400,8000000,1
3,3,1330,8000000,1
3,3,1149,7500000,1
3,4,1429,8500000,1
3,3,1545,7500000,1
4,6,3600,15000000,1
3,3,1210,7000000,1
2,2,150,3650000,1
4,4,2200,15000000,1
3,3,1621,10500000,1
3,3,1200,4600000,1
3,3,1250,3800000,1
2,2,222,6500000,1
3,4,1800,8500000,1
3,3,1250,7000000,1
3,3,1465,9962000,1
3,3,1727,14500000,1
3,3,2295,25000000,1
3,3,1487,9000000,1
3,3,1440,9936000,1
3,3,1493,9800000,1
3,3,1493,9800000,1
3,3,1537,9000000,1
3,4,1800,12500000,1
3,4,1800,12500000,1
3,5,2000,13000000,1
2,2,1025,4500000,1
3,3,1415,6367000,1
3,3,1563,9200000,1
4,4,1700,9500000,1
3,4,2150,13000000,1
2,2,145,8000000,1
4,4,1800,14040000,1
3,4,1350,7500000,1
3,3,1615,11500000,1
3,3,1500,8250000,1
3,3,1685,9267500,1
3,3,1500,8250000,1
3,3,1400,7700000,1
3,3,1685,9267500,1
4,4,2500,12000000,1
3,3,1415,6367000,1
3,3,1563,9200000,1
4,4,1700,9500000,1
3,4,2150,13000000,1
2,2,145,8000000,1
4,4,1800,14040000,1
3,3,1500,9000000,1
3,4,1760,13120000,1
3,3,200,13000000,1
3,3,1520,10000000,1
3,4,1950,10725000,1
3,3,1387,8000000,1
3,3,1400,7500000,1
4,4,2252,11260000,1
3,3,1429,8000000,1
2,2,169,4225000,1
7,8,2800,30000000,1
3,4,1800,16000000,1
4,3,1400,7000000,1
3,4,1620,10854000,1
3,4,1646,11028200,1
3,4,1686,11296200,1
3,3,1336,6680000,1
3,3,1545,7725000,1
3,3,1699,8495000,1
3,3,1545,7725000,1
3,3,1336,6680000,1
4,4,1750,9500000,1
3,3,1110,4440000,1
3,3,1545,7725000,1
3,3,1336,6680000,1
4,4,1750,9500000,1
3,3,2120,19000000,1
4,6,3000,15000000,1
2,2,800,3696000,1
2,2,1100,4500000,1
3,3,1320,6000000,1
3,3,1530,12000000,1
3,3,1162,6972000,1
3,4,1592,8560000,1
4,3,1873,12738000,1
4,4,1858,16000000,1
3,3,1500,11000000,1
3,3,1186,5337000,1
3,3,1300,7150000,1
3,3,1300,7150000,1
3,3,1226,7000000,1
2,2,1054,6500000,1
3,3,1415,5820000,1
3,3,1304,5998400,1
3,3,2100,16800000,1
3,3,115,4025000,1
3,2,115,1350000,1
3,3,2160,16500000,1
4,3,1800,9000000,1
3,3,1100,7500000,1
3,3,1300,9700000,1
3,2,1162,5000000,1
3,3,1253,5638500,1
3,3,1500,8250000,1
3,2,90,2700000,1
3,3,1350,8000000,1
3,3,1740,12500000,1
4,3,1873,12738000,1
3,3,1300,9700000,1
3,3,1370,13200000,1
3,2,110,3850000,1
2,2,156,3120000,1
4,5,2622,30153000,1
4,5,2530,29095000,1
3,3,1331,6500000,1
3,3,1331,6500000,1
3,3,1350,7000000,1
4,4,1587,10000000,1
3,3,1305,11000000,1
3,3,1530,12000000,1
2,2,950,4000000,1
2,2,920,5800000,1
3,4,1994,15500000,1
3,4,1860,17500000,1
3,3,1320,9500000,1
3,4,1750,12250000,1
7,8,2038,29932000,1
3,3,1565,9000000,1
3,3,2680,18000000,1
2,2,1013,4200000,1
2,2,120,4200000,1
2,2,105,3675000,1
2,2,120,4200000,1
3,3,1262,5679000,1
3,3,1600,12000000,1
2,2,103,3200000,1
3,3,2160,16500000,1
4,3,1800,9000000,1
3,3,1162,6972000,1
3,4,1592,8560000,1
3,3,1100,7500000,1
3,3,1628,13000000,1
3,3,1600,10000000,1
2,2,900,4800000,1
3,3,1420,7100000,1
3,3,1632,9160000,1
3,2,1162,5000000,1
3,3,1783,11589500,1
5,5,2622,30153000,1
3,3,1620,6800000,1
2,2,950,4700000,1
3,2,1050,4200000,1
3,4,1550,12000000,1
3,2,1075,6000000,1
3,3,1100,6500000,1
3,3,1100,7000000,1
3,4,1800,12000000,1
3,3,1630,8150000,1
3,3,1699,8495000,1
3,3,1336,6680000,1
3,4,1800,13450000,1
3,3,1540,7392000,1
3,4,2500,21550000,1
3,2,1500,9500000,1
3,3,1544,9264000,1
3,3,1644,9864000,1
3,3,147,4102625,1
3,3,2000,8500000,1
3,3,1200,7700000,1
3,3,1235,4100000,1
3,3,1252,6520000,1
3,3,1300,7150000,1
2,2,100,4000000,1
2,2,125,2750000,1
3,3,1300,7800000,1
3,2,110,3850000,1
3,3,1300,7800000,1
3,3,2289,26000000,1
3,3,1350,9300000,1
3,3,1627,10500000,1
3,3,1490,6705000,1
3,4,1604,8822000,1
2,2,156,3120000,1
3,3,435,7000000,1
3,3,212,7500000,1
3,4,1301,11000000,1
3,3,1400,7700000,1
3,3,1685,9267500,1
3,3,1500,8250000,1
3,3,1958,5500000,1
3,3,1500,8250000,1
3,3,1250,5000000,1
3,3,2420,13310000,1
3,3,1250,6500000,1
3,3,1400,10000000,1
3,3,1300,5400000,1
2,2,100,3800000,1
2,2,100,3800000,1
3,3,1300,7500000,1
3,3,1200,6000000,1
3,2,98,2000000,1
2,2,163,3749000,1
2,2,181,5025000,1
2,2,163,4575000,1
2,2,123,3575000,1
3,3,153,4325000,1
2,2,126,3650000,1
4,4,2609,33917000,1
3,3,2000,11000000,1
3,3,2200,12100000,1
3,3,1500,9000000,1
4,4,1700,9500000,1
3,3,1157,4049500,1
3,3,1388,5552000,1
3,3,1790,7518000,1
4,4,1500,4950000,1
3,3,1700,7000000,1
3,3,1700,7000000,1
3,3,1300,7150000,1
3,3,1313,7200000,1
3,3,1235,4100000,1
3,3,1300,7150000,1
2,2,125,2750000,1
3,3,2000,10500000,1
3,3,1410,8800000,1
4,5,2750,20000000,1
3,3,1800,9500000,1
3,3,1338,12000000,1
3,3,1500,9500000,1
3,3,1640,11000000,1
3,3,1950,18000000,1
3,3,1433,9887700,1
3,3,1150,5500000,1
3,2,85,1100000,1
2,2,240,6000000,1
2,2,850,3200000,1
3,3,1100,5000000,1
3,2,126,2268000,1
2,2,178,2848000,1
3,3,1505,6500000,1
3,3,1435,5740000,1
3,3,1570,6280000,1
3,3,1315,5260000,1
3,3,1580,13500000,1
4,3,702,12636000,1
3,4,1800,12500000,1
3,5,2000,13000000,1
3,5,2000,13000000,1
3,3,1544,9264000,1
3,3,1544,9264000,1
2,3,1200,6000000,1
3,3,1200,6000000,1
3,3,1200,6000000,1
3,3,115,4025000,1
2,2,105,3675000,1
2,2,105,3675000,1
3,2,110,3850000,1
3,3,125,4375000,1
3,2,110,3850000,1
3,3,1392,8500000,1
3,3,1180,7500000,1
3,3,1320,6000000,1
3,3,1320,5940000,1
3,2,105,2100000,1
3,2,115,2320000,1
3,2,122,2440000,1
2,2,148,3600000,1
3,2,125,2500000,1
2,2,1150,4600000,1
2,2,1150,4600000,1
3,3,1650,6600000,1
2,2,1050,4200000,1
3,3,1035,4347000,1
3,3,240,5520000,1
2,2,200,4600000,1
3,3,240,5520000,1
3,3,240,5520000,1
2,2,105,3675000,1
3,3,1295,6500000,1
